{
    "loss": 11.168018341064453,
    "accuracy": 0.6111111044883728
}