{
    "loss": 20.132104873657227,
    "accuracy": 0.6111111044883728
}